{
  "chi": 11,
  "valid": true,
  "time": 300.1850597858429,
  "color_classes": [
    [
      0,
      97,
      6,
      39,
      38,
      9,
      72,
      74,
      75,
      93
    ],
    [
      96,
      70,
      41,
      42,
      80,
      51,
      92,
      61,
      63
    ],
    [
      64,
      40,
      10,
      45,
      49,
      18,
      23,
      88,
      62
    ],
    [
      3,
      36,
      99,
      71,
      73,
      55,
      24,
      29
    ],
    [
      1,
      35,
      11,
      77,
      20,
      84,
      85,
      30,
      31
    ],
    [
      65,
      67,
      68,
      43,
      76,
      78,
      16,
      48,
      87,
      26
    ],
    [
      32,
      98,
      4,
      44,
      14,
      19,
      89,
      27
    ],
    [
      33,
      47,
      82,
      52,
      53,
      86,
      90,
      60,
      95
    ],
    [
      34,
      69,
      17,
      50,
      81,
      22,
      91,
      28
    ],
    [
      2,
      66,
      5,
      8,
      15,
      79,
      83,
      56,
      59,
      94
    ],
    [
      37,
      7,
      12,
      13,
      46,
      21,
      54,
      25,
      58,
      57
    ]
  ],
  "status": "feasible (time limit)",
  "n": 100,
  "m": 1477,
  "K": 12,
  "num_vars": 1212,
  "num_constraints": 19024,
  "solver": "HiGHS",
  "mip_gap": 0.45454545454543793
}