{
  "chi": 8,
  "valid": true,
  "time": 300.0415790081024,
  "color_classes": [
    [
      33,
      69,
      41,
      16,
      19,
      28,
      61,
      63
    ],
    [
      1,
      8,
      40,
      10,
      12,
      46,
      21,
      23,
      58
    ],
    [
      38,
      39,
      74,
      11,
      17,
      51,
      22,
      59,
      60
    ],
    [
      68,
      71,
      43,
      13,
      15,
      48,
      53,
      54
    ],
    [
      64,
      67,
      5,
      72,
      44,
      50,
      20,
      24,
      25,
      26,
      57
    ],
    [
      2,
      3,
      36,
      6,
      70,
      49,
      52,
      55,
      62,
      27,
      30
    ],
    [
      32,
      4,
      42,
      45,
      14,
      47,
      29,
      31
    ],
    [
      0,
      65,
      34,
      35,
      66,
      37,
      7,
      9,
      73,
      18,
      56
    ]
  ],
  "status": "feasible (time limit)",
  "n": 75,
  "m": 804,
  "K": 10,
  "num_vars": 760,
  "num_constraints": 8865,
  "solver": "HiGHS",
  "mip_gap": 0.3749999999999761
}