{
  "chi": 23,
  "valid": true,
  "time": 60.2531578540802,
  "color_classes": [
    [
      47,
      31
    ],
    [
      17,
      45
    ],
    [
      22,
      39
    ],
    [
      1,
      6,
      49
    ],
    [
      2,
      20
    ],
    [
      14
    ],
    [
      26,
      5,
      30
    ],
    [
      32,
      7
    ],
    [
      9,
      46
    ],
    [
      28,
      38
    ],
    [
      24,
      25,
      36
    ],
    [
      41,
      10
    ],
    [
      19,
      37
    ],
    [
      48,
      12
    ],
    [
      3,
      23
    ],
    [
      42,
      27,
      21
    ],
    [
      0,
      34
    ],
    [
      11,
      13
    ],
    [
      18,
      44
    ],
    [
      16,
      4,
      15
    ],
    [
      40,
      29
    ],
    [
      43
    ],
    [
      8,
      33,
      35
    ]
  ],
  "status": "feasible (time limit)",
  "n": 50,
  "m": 1104,
  "K": 26,
  "num_vars": 1326,
  "num_constraints": 30054,
  "solver": "HiGHS",
  "mip_gap": 0.17391304347826086
}