{
  "chi": 14,
  "valid": true,
  "time": 60.1113920211792,
  "color_classes": [
    [
      48,
      11,
      15
    ],
    [
      40,
      44,
      30,
      47
    ],
    [
      41,
      18,
      22
    ],
    [
      32,
      5,
      38,
      31
    ],
    [
      26,
      27,
      29
    ],
    [
      19,
      6,
      14
    ],
    [
      2,
      34,
      49,
      20,
      28
    ],
    [
      43,
      35,
      36
    ],
    [
      8,
      16,
      4,
      24
    ],
    [
      9,
      42,
      46,
      7
    ],
    [
      0,
      37,
      21
    ],
    [
      33,
      3,
      23
    ],
    [
      1,
      13,
      25,
      39
    ],
    [
      17,
      10,
      12,
      45
    ]
  ],
  "status": "feasible (time limit)",
  "n": 50,
  "m": 856,
  "K": 17,
  "num_vars": 867,
  "num_constraints": 15452,
  "solver": "HiGHS",
  "mip_gap": 0.2857142857142857
}