{
  "chi": 9,
  "valid": true,
  "time": 60.02422904968262,
  "color_classes": [
    [
      45,
      46,
      16,
      18,
      19,
      21
    ],
    [
      3,
      10,
      11,
      13,
      17,
      23
    ],
    [
      0,
      36,
      41,
      12,
      22,
      31
    ],
    [
      2,
      47,
      20,
      26,
      28,
      29
    ],
    [
      34,
      7,
      9,
      42,
      48,
      49
    ],
    [
      4,
      38,
      8,
      14,
      15,
      24
    ],
    [
      32,
      35,
      5,
      39,
      25
    ],
    [
      43,
      37,
      6,
      30
    ],
    [
      1,
      33,
      40,
      44,
      27
    ]
  ],
  "status": "feasible (time limit)",
  "n": 50,
  "m": 596,
  "K": 11,
  "num_vars": 561,
  "num_constraints": 7156,
  "solver": "HiGHS",
  "mip_gap": 0.22222222222221935
}